<?xml version="1.0" encoding="UTF-8"?>
<project-private xmlns="http://www.netbeans.org/ns/project-private/1">
    <editor-bookmarks xmlns="http://www.netbeans.org/ns/editor-bookmarks/2" lastBookmarkId="0"/>
    <open-files xmlns="http://www.netbeans.org/ns/projectui-open-files/2">
        <group>
            <file>file:/A:/xampp/htdocs/fiverr/martin/new/resources/views/pages/search.blade.php</file>
            <file>file:/A:/xampp/htdocs/fiverr/martin/new/resources/views/company-list.blade.php</file>
            <file>file:/A:/xampp/htdocs/fiverr/martin/new/app/Models/CompanyReservation.php</file>
            <file>file:/A:/xampp/htdocs/fiverr/martin/new/resources/views/pages/_search-slider.blade.php</file>
            <file>file:/A:/xampp/htdocs/fiverr/martin/new/app/Http/routes.php</file>
            <file>file:/A:/xampp/htdocs/fiverr/martin/new/resources/views/pages/search-filter.blade.php</file>
            <file>file:/A:/xampp/htdocs/fiverr/martin/new/app/Http/Controllers/HomeController.php</file>
        </group>
    </open-files>
</project-private>
